{
  "Ansi 6 Color" : {
    "Green Component" : 0.570823609828949,
    "Red Component" : 0.1467953473329544,
    "Blue Component" : 0.5250227451324463
  },
  "Tags" : [

  ],
  "Ansi 12 Color" : {
    "Green Component" : 0.5096293091773987,
    "Red Component" : 0.4405802488327026,
    "Blue Component" : 0.5168579816818237
  },
  "Transparency" : 0.0632188424556213,
  "Normal Font" : "MesloLGM-RegularForPowerline 14",
  "Bold Color" : {
    "Green Component" : 0.5648583769798279,
    "Red Component" : 0.5059919357299805,
    "Blue Component" : 0.5636365413665771
  },
  "Horizontal Spacing" : 1,
  "Custom Directory" : "No",
  "Right Option Key Sends" : 0,
  "Rows" : 30,
  "Default Bookmark" : "No",
  "Cursor Guide Color" : {
    "Red Component" : 0.8997637629508972,
    "Color Space" : "Calibrated",
    "Blue Component" : 0.899752140045166,
    "Alpha Component" : 0.25,
    "Green Component" : 0.8997368216514587
  },
  "Non-ASCII Anti Aliased" : true,
  "Use Bright Bold" : true,
  "Ansi 10 Color" : {
    "Green Component" : 0.3566595613956451,
    "Red Component" : 0.2767199277877808,
    "Blue Component" : 0.3829848766326904
  },
  "Use Cursor Guide" : false,
  "Ambiguous Double Width" : false,
  "Jobs to Ignore" : [
    "rlogin",
    "ssh",
    "slogin",
    "telnet"
  ],
  "Ansi 15 Color" : {
    "Green Component" : 0.9579439163208008,
    "Red Component" : 0.9894341826438904,
    "Blue Component" : 0.8640598058700562
  },
  "Foreground Color" : {
    "Red Component" : 0.7274457812309265,
    "Color Space" : "Calibrated",
    "Blue Component" : 0.8370099067687988,
    "Alpha Component" : 1,
    "Green Component" : 0.8017977476119995
  },
  "Bound Hosts" : [

  ],
  "Working Directory" : "\/Users\/noradbase",
  "Blinking Cursor" : true,
  "Use Tab Color" : false,
  "Sync Title" : false,
  "Prompt Before Closing 2" : false,
  "BM Growl" : true,
  "Command" : "",
  "Description" : "Default",
  "Smart Cursor Color" : false,
  "Disable Window Resizing" : true,
  "Screen" : -1,
  "Selection Color" : {
    "Red Component" : 0.1154427975416183,
    "Color Space" : "Calibrated",
    "Blue Component" : 0.3109738826751709,
    "Alpha Component" : 1,
    "Green Component" : 0.2393643856048584
  },
  "Mouse Reporting" : true,
  "Only The Default BG Color Uses Transparency" : true,
  "Columns" : 130,
  "Idle Code" : 0,
  "Ansi 13 Color" : {
    "Green Component" : 0.3389629721641541,
    "Red Component" : 0.3479863405227661,
    "Blue Component" : 0.7290843725204468
  },
  "Custom Command" : "No",
  "ASCII Anti Aliased" : true,
  "Non Ascii Font" : "Monaco 12",
  "Vertical Spacing" : 1,
  "Use Bold Font" : false,
  "Option Key Sends" : 0,
  "Selected Text Color" : {
    "Red Component" : 0.7215686274509804,
    "Color Space" : "Calibrated",
    "Blue Component" : 0.8196078431372549,
    "Alpha Component" : 1,
    "Green Component" : 0.788235294117647
  },
  "Background Color" : {
    "Red Component" : 0.04139328375458717,
    "Color Space" : "Calibrated",
    "Blue Component" : 0.1230644881725311,
    "Alpha Component" : 1,
    "Green Component" : 0.0925263836979866
  },
  "Character Encoding" : 4,
  "Ansi 11 Color" : {
    "Green Component" : 0.4071767330169678,
    "Red Component" : 0.3243661820888519,
    "Blue Component" : 0.4385056495666504
  },
  "Thin Strokes" : 2,
  "Use Italic Font" : true,
  "Unlimited Scrollback" : false,
  "Keyboard Map" : {
    "0xf700-0x260000" : {
      "Text" : "[1;6A",
      "Action" : 10
    },
    "0x37-0x40000" : {
      "Text" : "0x1f",
      "Action" : 11
    },
    "0x32-0x40000" : {
      "Text" : "0x00",
      "Action" : 11
    },
    "0xf709-0x20000" : {
      "Text" : "[17;2~",
      "Action" : 10
    },
    "0xf70c-0x20000" : {
      "Text" : "[20;2~",
      "Action" : 10
    },
    "0xf729-0x20000" : {
      "Text" : "[1;2H",
      "Action" : 10
    },
    "0xf72b-0x40000" : {
      "Text" : "[1;5F",
      "Action" : 10
    },
    "0xf705-0x20000" : {
      "Text" : "[1;2Q",
      "Action" : 10
    },
    "0xf703-0x260000" : {
      "Text" : "[1;6C",
      "Action" : 10
    },
    "0xf700-0x220000" : {
      "Text" : "[1;2A",
      "Action" : 10
    },
    "0xf701-0x280000" : {
      "Text" : "0x1b 0x1b 0x5b 0x42",
      "Action" : 11
    },
    "0xf706-0x0" : {
      "Text" : "15",
      "Action" : 11
    },
    "0x38-0x40000" : {
      "Text" : "0x7f",
      "Action" : 11
    },
    "0x33-0x40000" : {
      "Text" : "0x1b",
      "Action" : 11
    },
    "0xf703-0x220000" : {
      "Text" : "[1;2C",
      "Action" : 10
    },
    "0xf701-0x240000" : {
      "Text" : "[1;5B",
      "Action" : 10
    },
    "0xf70d-0x20000" : {
      "Text" : "[21;2~",
      "Action" : 10
    },
    "0xf702-0x260000" : {
      "Text" : "[1;6D",
      "Action" : 10
    },
    "0xf729-0x40000" : {
      "Text" : "[1;5H",
      "Action" : 10
    },
    "0xf706-0x20000" : {
      "Text" : "[1;2R",
      "Action" : 10
    },
    "0x34-0x40000" : {
      "Text" : "0x1c",
      "Action" : 11
    },
    "0xf700-0x280000" : {
      "Text" : "0x1b 0x1b 0x5b 0x41",
      "Action" : 11
    },
    "0x2d-0x40000" : {
      "Text" : "0x1f",
      "Action" : 11
    },
    "0xf70e-0x20000" : {
      "Text" : "[23;2~",
      "Action" : 10
    },
    "0xf702-0x220000" : {
      "Text" : "[1;2D",
      "Action" : 10
    },
    "0xf703-0x280000" : {
      "Action" : 10,
      "Text" : "f"
    },
    "0xf700-0x240000" : {
      "Text" : "[1;5A",
      "Action" : 10
    },
    "0xf707-0x20000" : {
      "Text" : "0C",
      "Action" : 11
    },
    "0xf70a-0x20000" : {
      "Text" : "[18;2~",
      "Action" : 10
    },
    "0x35-0x40000" : {
      "Text" : "0x1d",
      "Action" : 11
    },
    "0xf70f-0x20000" : {
      "Text" : "[24;2~",
      "Action" : 10
    },
    "0xf703-0x240000" : {
      "Text" : "[1;5C",
      "Action" : 10
    },
    "0xf701-0x260000" : {
      "Text" : "[1;6B",
      "Action" : 10
    },
    "0xf702-0x280000" : {
      "Action" : 10,
      "Text" : "b"
    },
    "0xf72b-0x20000" : {
      "Text" : "[1;2F",
      "Action" : 10
    },
    "0x36-0x40000" : {
      "Text" : "0x1e",
      "Action" : 11
    },
    "0xf707-0x0" : {
      "Text" : "0C",
      "Action" : 11
    },
    "0xf708-0x20000" : {
      "Text" : "[15;2~",
      "Action" : 10
    },
    "0xf701-0x220000" : {
      "Text" : "[1;2B",
      "Action" : 10
    },
    "0xf70b-0x20000" : {
      "Text" : "[19;2~",
      "Action" : 10
    },
    "0xf702-0x240000" : {
      "Text" : "[1;5D",
      "Action" : 10
    },
    "0xf704-0x20000" : {
      "Text" : "[1;2P",
      "Action" : 10
    }
  },
  "Window Type" : 0,
  "Blur Radius" : 5.944140624999999,
  "Blink Allowed" : true,
  "Background Image Location" : "",
  "Blur" : true,
  "Badge Color" : {
    "Red Component" : 1,
    "Color Space" : "Calibrated",
    "Blue Component" : 0,
    "Alpha Component" : 0.5,
    "Green Component" : 0
  },
  "Cursor Boost" : 0,
  "Scrollback Lines" : 1000,
  "Send Code When Idle" : false,
  "Close Sessions On End" : true,
  "Terminal Type" : "xterm-256color",
  "Visual Bell" : true,
  "Flashing Bell" : false,
  "Silence Bell" : false,
  "Ansi 14 Color" : {
    "Red Component" : 0.5903046131134033,
    "Color Space" : "Calibrated",
    "Blue Component" : 0.2148872017860413,
    "Alpha Component" : 1,
    "Green Component" : 0.8189955949783325
  },
  "Name" : "Alek",
  "Cursor Text Color" : {
    "Green Component" : 0.155759260058403,
    "Red Component" : 0,
    "Blue Component" : 0.1937013864517212
  },
  "Shortcut" : "",
  "Cursor Color" : {
    "Red Component" : 0.8352941176470589,
    "Color Space" : "Calibrated",
    "Blue Component" : 0.3137254901960784,
    "Alpha Component" : 1,
    "Green Component" : 0.3333333333333333
  },
  "Ansi 0 Color" : {
    "Green Component" : 0.155759260058403,
    "Red Component" : 0,
    "Blue Component" : 0.1937013864517212
  },
  "Guid" : "9D008726-D6D8-4DC4-85C3-F5DADDF915ED",
  "Ansi 1 Color" : {
    "Red Component" : 0.8759340047836304,